{
  "rougeL": 0.32553604728604735,
  "bertscore_f1": 0.9127123886346817,
  "llm_judge": 0.5
}